ID,
seq_1.mp4,
seq_2.mp4,
seq_3.mp4,
seq_4.mp4,
seq_5.mp4,
seq_6.mp4,
seq_7.mp4,
seq_8.mp4,
seq_9.mp4,
seq_10.mp4,
seq_11.mp4,
seq_12.mp4,
seq_13.mp4,
seq_14.mp4,
seq_15.mp4,
seq_16.mp4,
seq_17.mp4,
seq_18.mp4,
seq_19.mp4,
seq_20.mp4,
seq_21.mp4,
seq_22.mp4,
seq_23.mp4,
seq_24.mp4,
seq_25.mp4,
seq_26.mp4,
seq_27.mp4,
seq_28.mp4,
seq_29.mp4,
seq_30.mp4,
seq_31.mp4,
seq_32.mp4,
seq_33.mp4,
seq_34.mp4,
seq_35.mp4,
seq_36.mp4,
seq_37.mp4,
seq_38.mp4,
seq_39.mp4,
seq_40.mp4,
seq_41.mp4,
seq_42.mp4,
seq_43.mp4,
seq_44.mp4,
seq_45.mp4,
seq_46.mp4,
seq_47.mp4,
seq_48.mp4,
seq_49.mp4,
seq_50.mp4,
seq_51.mp4,
seq_52.mp4,
seq_53.mp4,
seq_54.mp4,
seq_55.mp4,
seq_56.mp4,
seq_57.mp4,
seq_58.mp4,
seq_59.mp4,
seq_60.mp4,
seq_61.mp4,
seq_62.mp4,
seq_63.mp4,
seq_64.mp4,
seq_65.mp4,
seq_66.mp4,
seq_67.mp4,
seq_68.mp4,
seq_69.mp4,
seq_70.mp4,
seq_71.mp4,
seq_72.mp4,
seq_73.mp4,
seq_74.mp4,
seq_75.mp4,
seq_76.mp4,
seq_77.mp4,
seq_78.mp4,
seq_79.mp4,
seq_80.mp4,
seq_81.mp4,
seq_82.mp4,
seq_83.mp4,
seq_84.mp4,
seq_85.mp4,
seq_86.mp4,
seq_87.mp4,
seq_88.mp4,
seq_89.mp4,
seq_90.mp4,
seq_91.mp4,
seq_92.mp4,
seq_93.mp4,
seq_94.mp4,
seq_95.mp4,
seq_96.mp4,
seq_97.mp4,
seq_98.mp4,
seq_99.mp4,
seq_100.mp4,
seq_101.mp4,
seq_102.mp4,
seq_103.mp4,
seq_104.mp4,
seq_105.mp4,
seq_106.mp4,
seq_107.mp4,
seq_108.mp4,
seq_109.mp4,
seq_110.mp4,
seq_111.mp4,
seq_112.mp4,
seq_113.mp4,
seq_114.mp4,
seq_115.mp4,
seq_116.mp4,
seq_117.mp4,
seq_118.mp4,
seq_119.mp4,
seq_120.mp4,
seq_121.mp4,
seq_122.mp4,
seq_123.mp4,
seq_124.mp4,
seq_125.mp4,
seq_126.mp4,
seq_127.mp4,
seq_128.mp4,
seq_129.mp4,
seq_130.mp4,
seq_131.mp4,
seq_132.mp4,
seq_133.mp4,
seq_134.mp4,
seq_135.mp4,
seq_136.mp4,
seq_137.mp4,
seq_138.mp4,
seq_139.mp4,
seq_140.mp4,
seq_141.mp4,
seq_142.mp4,
seq_143.mp4,
seq_144.mp4,
seq_145.mp4,
seq_146.mp4,
seq_147.mp4,
seq_148.mp4,
seq_149.mp4,
seq_150.mp4,
seq_151.mp4,
seq_152.mp4,
seq_153.mp4,
seq_154.mp4,
seq_155.mp4,
seq_156.mp4,
seq_157.mp4,
seq_158.mp4,
seq_159.mp4,
seq_160.mp4,
seq_161.mp4,
seq_162.mp4,
seq_163.mp4,
seq_164.mp4,
seq_165.mp4,
seq_166.mp4,
seq_167.mp4,
seq_168.mp4,
seq_169.mp4,
seq_170.mp4,
seq_171.mp4,
seq_172.mp4,
seq_173.mp4,
seq_174.mp4,
seq_175.mp4,
seq_176.mp4,
seq_177.mp4,
seq_178.mp4,
seq_179.mp4,
seq_180.mp4,
seq_181.mp4,
seq_182.mp4,
seq_183.mp4,
seq_184.mp4,
seq_185.mp4,
seq_186.mp4,
seq_187.mp4,
seq_188.mp4,
end_credits.mp4,
